<?xml version="1.0" encoding="utf-8"?>
<web-app>
	<servlet-mapping>
		<cofaxTools>/tools/*</cofaxTools>
		<cofaxCDS>/</cofaxCDS>
		<fileServlet>/static/*</fileServlet>
		<cofaxAdmin>/admin/*</cofaxAdmin>
		<cofaxEmail>/cofaxutil/aemail/*</cofaxEmail>
	</servlet-mapping>
	<taglib>
		<taglib-location>/WEB-INF/tlds/cofax.tld</taglib-location>
		<taglib-uri>cofax.tld</taglib-uri>
	</taglib>
	<servlet>
		<servlet-name>cofaxCDS</servlet-name>
		<init-param>
			<cachePagesStore>100</cachePagesStore>
			<searchEngineListTemplate>forSearchEnginesList.htm</searchEngineListTemplate>
			<maxUrlLength>500</maxUrlLength>
			<dataStoreTestQuery>SET NOCOUNT ON;select test='test';</dataStoreTestQuery>
			<defaultFileTemplate>articleTemplate.htm</defaultFileTemplate>
			<dataStoreLogFile>/usr/local/tomcat/logs/datastore.log</dataStoreLogFile>
			<templateLoaderClass>org.cofax.FilesTemplateLoader</templateLoaderClass>
			<dataStoreClass>org.cofax.SqlDataStore</dataStoreClass>
			<templateOverridePath></templateOverridePath>
			<cacheTemplatesStore>50</cacheTemplatesStore>
			<dataStoreUrl>jdbc:microsoft:sqlserver://LOCALHOST:1433;DatabaseName=goon</dataStoreUrl>
			<searchEngineFileTemplate>forSearchEngines.htm</searchEngineFileTemplate>
			<cachePagesTrack>200</cachePagesTrack>
			<cachePackageTagsStore>200</cachePackageTagsStore>
			<dataStoreName>cofax</dataStoreName>
			<dataStorePassword>dataStoreTestQuery</dataStorePassword>
			<useJSP>False</useJSP>
			<defaultListTemplate>listTemplate.htm</defaultListTemplate>
			<dataStoreUser>sa</dataStoreUser>
			<jspListTemplate>listTemplate.jsp</jspListTemplate>
			<jspFileTemplate>articleTemplate.jsp</jspFileTemplate>
			<dataStoreMaxConns>100</dataStoreMaxConns>
			<cachePagesDirtyRead>10</cachePagesDirtyRead>
			<cachePagesRefresh>10</cachePagesRefresh>
			<cacheTemplatesTrack>100</cacheTemplatesTrack>
			<dataStoreConnUsageLimit>100</dataStoreConnUsageLimit>
			<redirectionClass>org.cofax.SqlRedirection</redirectionClass>
			<searchEngineRobotsDb>WEB-INF/robots.db</searchEngineRobotsDb>
			<templateProcessorClass>org.cofax.WysiwygTemplate</templateProcessorClass>
			<cachePackageTagsRefresh>60</cachePackageTagsRefresh>
			<templatePath>templates</templatePath>
			<useDataStore>True</useDataStore>
			<cacheTemplatesRefresh>15</cacheTemplatesRefresh>
			<dataStoreDriver>com.microsoft.jdbc.sqlserver.SQLServerDriver</dataStoreDriver>
			<cachePackageTagsTrack>200</cachePackageTagsTrack>
			<dataStoreLogLevel>debug</dataStoreLogLevel>
			<dataStoreInitConns>10</dataStoreInitConns>
		</init-param>
		<servlet-class>org.cofax.cds.CDSServlet</servlet-class>
	</servlet>
	<servlet>
		<servlet-name>cofaxEmail</servlet-name>
		<init-param>
			<mailHostOverride>mail2</mailHostOverride>
			<mailHost>mail1</mailHost>
		</init-param>
		<servlet-class>org.cofax.cds.EmailServlet</servlet-class>
	</servlet>
	<servlet>
		<servlet-name>cofaxAdmin</servlet-name>
		<servlet-class>org.cofax.cds.AdminServlet</servlet-class>
	</servlet>
	<servlet>
		<servlet-name>fileServlet</servlet-name>
		<servlet-class>org.cofax.cds.FileServlet</servlet-class>
	</servlet>
	<servlet>
		<servlet-name>cofaxTools</servlet-name>
		<init-param>
			<logLocation>/usr/local/tomcat/logs/CofaxTools.log</logLocation>
			<fileTransferFolder>/usr/local/tomcat/webapps/content/fileTransferFolder</fileTransferFolder>
			<log>1</log>
			<dataLog>1</dataLog>
			<dataLogLocation>/usr/local/tomcat/logs/dataLog.log</dataLogLocation>
			<adminGroupID>4</adminGroupID>
			<lookInContext>1</lookInContext>
			<removePageCache>/content/admin/remove?cache=pages&amp;id=</removePageCache>
			<removeTemplateCache>/content/admin/remove?cache=templates&amp;id=</removeTemplateCache>
			<logMaxSize></logMaxSize>
			<dataLogMaxSize></dataLogMaxSize>
			<betaServer>True</betaServer>
			<templatePath>toolstemplates/</templatePath>
		</init-param>
		<servlet-class>org.cofax.cms.CofaxToolsServlet</servlet-class>
	</servlet>
</web-app>